Marker	Gene
1552703_s_at	CARD16///CASP1
1552758_at	HDAC9
1552760_at	HDAC9
1552792_at	SOCS4
1552798_a_at	TLR4
1552887_at	TBATA
1552985_at	SLC30A8
1553380_at	PARP15
1553505_at	A2ML1
1553528_a_at	TAF5
1553587_a_at	POLE4
1553639_a_at	PPARGC1B
1553695_a_at	NLRX1
1554101_a_at	TMTC4
1554102_a_at	TMTC4
1554348_s_at	CDKN2AIPNL
1554411_at	CTNNB1
1554415_at	TAF5L
1554479_a_at	CARD8
1554553_s_at	YIF1B
1554600_s_at	LMNA
1554624_a_at	SIRPB1
1554911_at	ABCC11
1554918_a_at	ABCC4
1555270_a_at	WFS1
1555282_a_at	PPARGC1B
1555407_s_at	FGD3
1555426_a_at	OTUD5
1555464_at	IFIH1
1555519_at	
1555557_a_at	TNK2
1555590_a_at	GATA1
1555626_a_at	SLAMF1
1555627_s_at	LINC01547
1555735_a_at	BAP1
1555900_at	DCTN5
1556057_s_at	NEUROD1
1556646_at	DCTN5
1556996_at	LEPROT
1556997_a_at	LEPROT///LEPR
1557339_at	PIK3CD-AS2
1557341_x_at	PIK3CD-AS2
1557895_at	FLJ35934
1558292_s_at	PIGW
1558331_at	SIRT2
1558397_at	PECAM1
1558631_at	PPARA
1558832_at	SLC2A1-AS1
1559502_s_at	LRRC25
1559561_at	FBXO18
1559638_at	PIK3CD-AS1
1559848_at	NSUN4
1559884_at	CDKN2B-AS1
1559921_at	PECAM1
1560974_s_at	NOS1
1560981_a_at	PPARA
1562694_at	IGF2BP2-AS1
1562832_at	IGF2BP2-AS1
1562960_at	KCNQ1-AS1
1562969_at	DNMBP
1563207_at	IGF2BP2-AS1
1563208_s_at	IGF2BP2-AS1
1563265_at	HNF4A-AS1
1563943_at	PPARGC1B
1564307_a_at	A2ML1
1564310_a_at	PARP15
1564383_s_at	FLJ35934
1564736_a_at	CASP12
1565329_at	POLE4
1565483_at	EGFR
1565484_x_at	EGFR
1565731_at	ALDH3B1
1566342_at	SOD2
1566700_at	VRK3
1566701_at	VRK3
1567359_at	BDNF-AS
1567361_at	BDNF-AS
1569141_a_at	PPARGC1A
1569149_at	PDLIM7
1569150_x_at	PDLIM7
1569859_at	SUCLA2-AS1
1569861_at	TRAF5
1570279_at	ABCA1
200642_at	SOD1
200646_s_at	NUCB1
200649_at	NUCB1
200710_at	ACADVL
200887_s_at	STAT1
200896_x_at	HDGF
200927_s_at	RAB14
200928_s_at	RAB14
200948_at	MLF2
200966_x_at	ALDOA
200969_at	SERP1
200970_s_at	SERP1
200971_s_at	SERP1
200978_at	MDH1
201005_at	CD9
201008_s_at	TXNIP
201009_s_at	TXNIP
201010_s_at	TXNIP
201015_s_at	JUP
201079_at	SYNGR2
201137_s_at	HLA-DPB1
201157_s_at	NMT1
201158_at	NMT1
201159_s_at	NMT1
201203_s_at	RRBP1
201204_s_at	RRBP1
201205_at	RRBP1
201206_s_at	RRBP1
201249_at	SLC2A1
201250_s_at	SLC2A1
201286_at	SDC1
201287_s_at	SDC1
201419_at	BAP1
201469_s_at	SHC1
201533_at	CTNNB1
201596_x_at	KRT18
201666_at	TIMP1
201743_at	CD14
201754_at	COX6C
201861_s_at	LRRFIP1
201862_s_at	LRRFIP1
201983_s_at	EGFR
201984_s_at	EGFR
202017_at	EPHX1
202067_s_at	LDLR
202068_s_at	LDLR
202076_at	BIRC2
202085_at	TJP2
202110_at	COX7B
202377_at	LEPROT
202378_s_at	LEPROT
202400_s_at	SRF
202401_s_at	SRF
202409_at	INS-IGF2///IGF2
202410_x_at	INS-IGF2///IGF2
202447_at	DECR1
202455_at	HDAC5
202462_s_at	DDX46
202471_s_at	IDH3G
202643_s_at	TNFAIP3
202644_s_at	TNFAIP3
202690_s_at	SNRPD1
202691_at	SNRPD1
202723_s_at	FOXO1
202724_s_at	FOXO1
202752_x_at	SLC7A8
202847_at	PCK2
202908_at	WFS1
202930_s_at	SUCLA2
202939_at	ZMPSTE24
203067_at	PDHX
203089_s_at	HTRA2
203175_at	RHOG
203303_at	DYNLT3
203369_x_at	PDLIM7
203370_s_at	PDLIM7
203381_s_at	APOE
203382_s_at	APOE
203411_s_at	LMNA
203421_at	TP53I11
203456_at	PRAF2
203504_s_at	ABCA1
203505_at	ABCA1
203507_at	LOC101928634///SNORA67///CD68
203621_at	ubiquinone oxidoreductase subunit B5
203718_at	PNPLA6
203757_s_at	CEACAM6
203838_s_at	TNK2
203839_s_at	TNK2
203879_at	PIK3CD
203934_at	KDR
203936_s_at	MMP9
204053_x_at	PTEN
204054_at	PTEN
204088_at	P2RX4
204148_s_at	POMZP3///ZP3
204160_s_at	ENPP4
204161_s_at	ENPP4
204211_x_at	EIF2AK2
204247_s_at	CDK5
204352_at	TRAF5
204361_s_at	SKAP2
204362_at	SKAP2
204413_at	TRAF2
204486_at	LOC101927338///KCNQ1OT1
204487_s_at	KCNQ1
204510_at	CDC7
204550_x_at	GSTM1
204571_x_at	PIN4
204572_s_at	PIN4
204670_x_at	LOC100996809///HLA-DRB4///HLA-DRB1
204686_at	IRS1
204689_at	HHEX
204725_s_at	NCK1
204924_at	TLR2
204925_at	CTNS
204950_at	CARD8
204995_at	CDK5R1
204996_s_at	CDK5R1
205025_at	ZBTB48
205043_at	CFTR
205065_at	ENPP1
205066_s_at	ENPP1
205130_at	MOK
205150_s_at	TRIL
205151_s_at	TRIL
205153_s_at	CD40
205157_s_at	KRT17///JUP
205313_at	HNF1B
205357_s_at	AGTR1
205462_s_at	HPCAL1
205468_s_at	IRF5
205469_s_at	IRF5
205538_at	CORO2A
205558_at	TRAF6
205581_s_at	NOS3
205640_at	ALDH3B1
205659_at	HDAC9
205720_at	POMC
205721_at	GFRA2
205722_s_at	GFRA2
205863_at	S100A12
205879_x_at	RET
206011_at	CASP1
206060_s_at	PTPN22
206181_at	SLAMF1
206210_s_at	CETP
206225_at	ZNF507
206282_at	NEUROD1
206341_at	IL2RA
206344_at	PON1
206345_s_at	PON1
206359_at	SOCS3
206360_s_at	SOCS3
206476_s_at	NOVA2
206477_s_at	NOVA2
206488_s_at	CD36
206545_at	CD28
206569_at	IL24
206598_at	INS
206617_s_at	RENBP
206628_at	SLC5A1
206676_at	CEACAM8
206687_s_at	PTPN6
206754_s_at	CYP2B7P///CYP2B6
206755_at	CYP2B6
206867_at	GCKR
206870_at	PPARA
206934_at	SIRPB1
207037_at	TNFRSF11A
207039_at	CDKN2A
207062_at	IAPP
207068_at	ZFP37
207075_at	NLRP3
207175_at	ADIPOQ
207255_at	LEPROT///LEPR
207269_at	DEFA4
207309_at	NOS1
207310_s_at	NOS1
207349_s_at	UCP3
207433_at	IL10
207446_at	TLR6
207475_at	FABP2
207500_at	CASP5
207507_s_at	ATP5G3
207508_at	ATP5G3
207530_s_at	CDKN2B
207673_at	NPHS1
207709_at	PRKAA2
207809_s_at	ATP6AP1
207845_s_at	ANAPC10
207851_s_at	INSR
207867_at	PAX4
207892_at	CD40LG
208010_s_at	PTPN22
208011_at	PTPN22
208016_s_at	AGTR1
208037_s_at	MADCAM1
208090_s_at	AIRE
208135_at	HNF1B
208262_x_at	MEFV
208306_x_at	HLA-DRB1
208315_x_at	TRAF3
208380_at	LBX1
208429_x_at	HNF4A
208452_x_at	MYO9B
208510_s_at	PPARG
208516_at	MTNR1B
208644_at	PARP1
208981_at	PECAM1
208982_at	PECAM1
208983_s_at	PECAM1
208991_at	STAT3
208992_s_at	STAT3
208997_s_at	UCP2
208998_at	UCP2
209018_s_at	PINK1
209019_s_at	PINK1
209101_at	CTGF
209184_s_at	IRS2
209185_s_at	IRS2
209231_s_at	DCTN5
209232_s_at	DCTN5
209241_x_at	MINK1
209310_s_at	CASP4
209312_x_at	LOC101060835///LOC100996809///HLA-DRB5///HLA-DRB4///HLA-DRB1///HLA-DQB1
209341_s_at	IKBKB
209342_s_at	IKBKB
209383_at	DDIT3
209480_at	HLA-DQB1
209540_at	IGF1
209541_at	IGF1
209542_x_at	IGF1
209554_at	CD36
209555_s_at	CD36
209644_x_at	CDKN2A
209666_s_at	CHUK
209681_at	SLC19A2
209823_x_at	LOC101060835///HLA-DQB1
209894_at	LEPROT///LEPR
209969_s_at	STAT1
209970_x_at	CASP1
210053_at	TAF5
210095_s_at	IGFBP3
210176_at	TLR1
210245_at	ABCC8
210246_s_at	ABCC8
210446_at	GATA1
210512_s_at	VEGFA
210513_s_at	VEGFA
210515_at	HNF1A
210599_at	ZNF614
210643_at	TNFSF11
210747_at	HLA-DQB1
210771_at	PPARA
210881_s_at	INS-IGF2///IGF2
210895_s_at	CD86
210910_s_at	POMZP3
210984_x_at	EGFR
211004_s_at	ALDH3B1
211027_s_at	IKBKB
211063_s_at	NCK1
211150_s_at	DLAT
211152_s_at	HTRA2
211153_s_at	TNFSF11
211156_at	CDKN2A
211167_s_at	GCK
211176_s_at	PAX4
211217_s_at	KCNQ1
211230_s_at	PIK3CD
211269_s_at	IL2RA
211354_s_at	LEPROT///LEPR
211355_x_at	LEPROT///LEPR
211356_x_at	LEPROT///LEPR
211366_x_at	CASP1
211367_s_at	CASP1
211368_s_at	CASP1
211411_at	
211421_s_at	RET
211452_x_at	LRRFIP1
211503_s_at	RAB14
211527_x_at	VEGFA
211550_at	EGFR
211551_at	EGFR
211577_s_at	IGF1
211607_x_at	EGFR
211654_x_at	HLA-DQB1
211656_x_at	LOC101060835///HLA-DQB1
211657_at	CEACAM6
211711_s_at	PTEN
211856_x_at	CD28
211861_x_at	CD28
211936_at	HSPA5
212024_x_at	FLII
212025_s_at	FLII
212041_at	ATP6V0D1
212046_x_at	MAPK3
212059_s_at	TRPC4AP
212086_x_at	LMNA
212089_at	LMNA
212143_s_at	IGFBP3
212171_x_at	VEGFA
212236_x_at	KRT17///JUP
212531_at	LCN2
212552_at	HPCAL1
212564_at	KCTD2
212568_s_at	DLAT
212759_s_at	TCF7L2
212761_at	TCF7L2
212762_s_at	TCF7L2
212798_s_at	ANKMY2
212833_at	SLC25A46
212838_at	DNMBP
212884_x_at	APOE
212998_x_at	LOC101060835///HLA-DQB1
212999_x_at	LOC101060835///HLA-DQB1
213149_at	DLAT
213294_at	EIF2AK2
213427_at	RPP40
213495_s_at	RRBP1
213539_at	CD3D
213596_at	CASP4
213792_s_at	INSR
213973_at	RRBP1
214105_at	SOCS3
214121_x_at	PDLIM7
214122_at	PDLIM7
214135_at	CLDN18
214213_x_at	LMNA
214224_s_at	PIN4
214225_at	PIN4
214266_s_at	PDLIM7
214333_x_at	IDH3G
214631_at	ZBTB33
214667_s_at	TP53I11
214687_x_at	ALDOA
214780_s_at	MYO9B
214832_at	HNF4A
214851_at	HNF4A
214853_s_at	SHC1
215075_s_at	GRB2
215078_at	LOC100129518///SOD2
215193_x_at	LOC101060835///LOC100996809///HLA-DRB4///HLA-DRB3///HLA-DRB1///HLA-DQB1
215223_s_at	LOC100129518///SOD2
215333_x_at	GSTM1
215346_at	CD40
215375_x_at	LRRFIP1
215459_at	CTNS
215702_s_at	CFTR
215703_at	CFTR
215771_x_at	RET
215933_s_at	HHEX
216015_s_at	NLRP3
216016_at	NLRP3
216020_at	IFIH1
216035_x_at	TCF7L2
216037_x_at	TCF7L2
216066_at	ABCA1
216092_s_at	SLC7A8
216401_x_at	MLIP
216439_at	TNK2
216511_s_at	TCF7L2
216549_s_at	TBC1D22B
216598_s_at	CCL2
216603_at	SLC7A8
216604_s_at	SLC7A8
216706_x_at	SKAP2///IGHG1
216841_s_at	LOC100129518///SOD2
216889_s_at	HNF4A
216899_s_at	SKAP2
216919_at	TP53I11
216930_at	HNF1A
217005_at	LDLR
217026_at	CFTR
217035_at	SKAP2
217103_at	LDLR
217133_x_at	CYP2B6
217173_s_at	LDLR
217240_at	SIRPB1
217248_s_at	SLC7A8
217297_s_at	MYO9B
217492_s_at	PTENP1///PTEN
217545_at	MYH14
217660_at	MYH14
217811_at	SELT
217845_x_at	HIGD1A
217943_s_at	MAP7D1
217970_s_at	CNOT6
218022_at	VRK3
218055_s_at	WDR41
218140_x_at	SRPRB
218154_at	GSDMD
218318_s_at	NLK
218321_x_at	STYXL1
218335_x_at	TNIP2
218361_at	GOLPH3L
218364_at	LRRFIP2
218546_at	C1orf115
218628_at	CCDC53
218654_s_at	MRPS33
218679_s_at	VPS28
218696_at	EIF2AK3
218746_at	TAPBPL
218747_s_at	TAPBPL
218847_at	IGF2BP2
218874_s_at	ATAT1
218878_s_at	SIRT1
218929_at	CDKN2AIP
219195_at	PPARGC1A
219209_at	IFIH1
219333_s_at	CAPN10
219350_s_at	DIABLO
219553_at	NME7
219680_at	NLRX1
219698_s_at	METTL4
219725_at	TREM2
219773_at	NOX4
219819_s_at	MRPS28
219825_at	CYP26B1
219827_at	UCP3
219946_x_at	MYH14
219962_at	ACE2
219967_at	MRM1
220022_at	ZNF334
220060_s_at	PARPBP
220207_at	YIF1B
220505_at	CDKN2A-AS1
220561_at	IGF2-AS
220605_s_at	SIRT2
220610_s_at	LRRFIP2
220618_s_at	ZCWPW1
220629_at	KCNQ1DN
220646_s_at	KLRF1
220721_at	ZNF614
220788_s_at	RNF31///IRF9
220973_s_at	SHARPIN
221040_at	CAPN10
221060_s_at	TLR4
221132_at	CLDN18
221133_s_at	CLDN18
221331_x_at	CTLA4
221333_at	FOXP3
221334_s_at	FOXP3
221384_at	UCP1
221477_s_at	LOC100129518///SOD2
221491_x_at	LOC101060835///LOC100996809///HLA-DRB6///HLA-DRB5///HLA-DRB4///HLA-DRB3///HLA-DRB1///HLA-DQB1
221561_at	SOAT1
221571_at	TRAF3
221666_s_at	PYCARD
221896_s_at	HIGD1A
221998_s_at	VRK3
221999_at	VRK3
222065_s_at	FLII
222170_at	ZNF213-AS1
222257_s_at	ACE2
222292_at	CD40
222476_at	CNOT6
222503_s_at	WDR41
222532_at	SRPRB
222589_at	NLK
222590_s_at	NLK
222591_at	STYXL1
223016_x_at	ZRANB2
223024_at	AP1M1
223025_s_at	AP1M1
223049_at	GRB2
223197_s_at	SMARCAD1
223253_at	EPDR1
223375_at	TBC1D22B
223437_at	PPARA
223438_s_at	PPARA
223492_s_at	LRRFIP1
223562_at	PARVG
223679_at	CTNNB1
223710_at	CCL26
223716_s_at	ZRANB2
223726_at	KCNH3
223963_s_at	IGF2BP2
223992_x_at	ZCWPW1
224147_at	PARPBP
224211_at	FOXP3
224341_x_at	TLR4
224657_at	ERRFI1
224683_at	FBXO18
224745_x_at	OTUD5
224850_at	ATAD1
224999_at	EGFR
225022_at	GOPC
225023_at	GOPC
225122_at	RNF31
225289_at	STAT3
225363_at	PTEN
225420_at	GPAM
225424_at	GPAM
225561_at	SELT
225639_at	SKAP2
225666_at	TMTC4
225844_at	POLE4
226019_at	OMA1
226020_s_at	OMA1///DAB1
226076_s_at	MBD6
226178_at	SOCS4
226212_s_at	INSR
226216_at	INSR
226255_at	ZBTB33
226327_at	ZNF507
226351_at	NSUN4
226437_at	YIF1B
226450_at	INSR
226831_at	SLC25A46
226978_at	PPARA
226988_s_at	MYH14
227045_at	ZNF614
227095_at	LEPROT
227142_at	PLEKHG5
227177_at	CORO2A
227207_x_at	ZNF213
227214_at	GOPC
227215_at	GOPC
227264_at	TRAF6
227302_s_at	LLGL1///FLII
227391_x_at	LRRFIP1
227513_s_at	LRRFIP1
227556_at	NME7
227585_at	ATAD1
227697_at	SOCS3
227737_at	SRPRB
227759_at	PCSK9
227803_at	ENPP5
227811_at	FGD3
227832_at	MBD6
227833_s_at	MBD6
227888_at	RRBP1
227892_at	PRKAA2
227928_at	PARPBP
228006_at	PTEN
228039_at	DDX46
228168_at	ATP5G3
228479_at	SOAT1
228484_s_at	FOXO1
228510_at	ATAT1
228572_at	GRB2
228641_at	CARD8
228766_at	CD36
228799_at	NCK1-AS1
228952_at	ENPP1
229088_at	ENPP1
229093_at	NOS3
229408_at	HDAC5
229596_at	AMDHD1
229625_at	GBP5
230023_at	NSUN4
230031_at	HSPA5
230159_at	C1orf115
230370_x_at	STYXL1
230772_at	HNF4A
230914_at	HNF4A
230968_at	HDAC9
231030_at	ZRANB2-AS1
231211_s_at	YIF1B
231635_x_at	RNF31
231740_at	KCNJ11
231794_at	CTLA4
231916_at	NOS1
232017_at	TJP2
232068_s_at	TLR4
232160_s_at	TNIP2
232181_at	PPARGC1B
232194_at	METTL4
232343_at	DCTN5
232353_s_at	STYXL1
232571_at	CAPN10-AS1
232578_at	CLDN18
232673_at	LRRFIP2
232704_s_at	LRRFIP2
232705_at	LRRFIP2
232969_at	CARD8
232977_x_at	MYH14
233052_at	DNAH8
233254_x_at	PTEN
233317_at	CD9
233322_at	CD9
233430_at	TBC1D22B
233510_s_at	PARVG
233933_s_at	OTUD5
233982_x_at	STYXL1
234290_x_at	MYH14
234362_s_at	CTLA4
234393_at	HDAC9
234653_at	NLRP2B
234702_x_at	CFTR
234706_x_at	CFTR
234721_s_at	CYP26B1
234895_at	CTLA4
234943_at	LOC400927-CSNK1E///LOC400927///CSNK1E
235006_at	CDKN2AIPNL
235244_at	CCDC58
235377_at	MLIP
235475_at	SERP1
235560_at	NOVA2
235618_at	ZNF507
236094_at	TCF7L2
236247_at	NSUN4
236313_at	CDKN2B
236320_at	CCDC17
236341_at	CTLA4
236539_at	PTPN22
236843_at	NOX4
236862_at	GOPC
236922_at	NCK1
237054_at	ENPP5
237132_at	TJP2
237142_at	PPARA
237249_at	LOC101927338///KCNQ1OT1
237646_x_at	PLEKHG5
238441_at	PRKAA2
238489_at	PRKAA2
238534_at	LRRFIP1
238566_at	ZNF334
238581_at	GBP5
238624_at	LOC102724517///NLK
238840_at	LRRFIP1
238846_at	TNFRSF11A
238900_at	LOC100996809///HLA-DRB5///HLA-DRB4///HLA-DRB3///HLA-DRB1
238904_at	NOVA2
238933_at	IRS1
238996_x_at	ALDOA
239021_at	TLR6
239132_at	NOS1
239190_at	VRK3
239252_at	COX7B
239412_at	IRF5
239427_at	SLAMF1
239835_at	KBTBD8
239983_at	SLC30A8
240349_at	PRKAA2
240637_at	WDR41
240911_at	NOS1
241072_s_at	IGF1
241331_at	SKAP2
241345_at	MIR186///ZRANB2
241463_at	EIF2AK3
241959_at	ANAPC10
242197_x_at	CD36
242317_at	HIGD1A
242622_x_at	PTEN
242773_at	SLC5A1
242898_at	EIF2AK2
242979_at	IRS1
242991_at	TJP2
243103_at	SYNGR2
243213_at	STAT3
243428_at	LOC101927338///KCNQ1OT1
243435_at	LOC101927338///KCNQ1OT1
243722_at	PYDC1
244209_at	LBX1-AS1
244225_x_at	LMNA
244229_at	PARVG
244485_at	HLA-DPB1
244487_at	NCK1
244661_at	SOAT1
244689_at	PPARA
244727_at	LOC101927338///KCNQ1OT1
34858_at	KCTD2
35150_at	CD40
36566_at	CTNS
48531_at	TNIP2
AFFX-HUMISGF3A/M97935_3_at	STAT1
AFFX-HUMISGF3A/M97935_5_at	STAT1
AFFX-HUMISGF3A/M97935_MA_at	STAT1
AFFX-HUMISGF3A/M97935_MB_at	STAT1
ILMN_1779257	CD40
ILMN_1658713	TNFSF11
ILMN_1694472	GCK
ILMN_1656913	MDH1
ILMN_1689518	PECAM1
ILMN_1727001	DDX46
ILMN_1781001	SOCS3
ILMN_1691487	TRAF2
ILMN_1738010	CTNS
ILMN_1848750	SKAP2
ILMN_1768194	BIRC2
ILMN_1779798	GBP5
ILMN_1814985	PDLIM7
ILMN_1690125	PDLIM7
ILMN_1746085	IGFBP3
ILMN_1723475	TBC1D22B
ILMN_1797251	GATA1
ILMN_1760649	PCK2
ILMN_1802699	PCK2
ILMN_1663618	STAT3
ILMN_1698766	PYCARD
ILMN_1722634	NUCB1
ILMN_1724682	HNF1A
ILMN_1694823	PYDC1
ILMN_1715169	HLA-DRB1
ILMN_1729594	SLC19A2
ILMN_1691966	FLJ35934
ILMN_1770113	FABP2
ILMN_1728858	EGFR
ILMN_1664122	PTPN6
ILMN_1713379	NLRP3
ILMN_1712026	NLRP3
ILMN_1655610	RET
ILMN_1706301	RET
ILMN_1701134	PTEN
ILMN_1792922	SOD2
ILMN_1768393	SNRPD1
ILMN_1781173	HDAC9
ILMN_1785574	HTRA2
ILMN_1780108	PTPN22
ILMN_1715885	PTPN22
ILMN_1773066	CDKN2AIP
ILMN_1673138	ZBTB33
ILMN_1686405	KDR
ILMN_1806405	CDKN2AIPNL
ILMN_1736700	ALDOA
ILMN_1742270	CASP1
ILMN_1672899	POMC
ILMN_1681882	CETP
ILMN_1674373	TBATA
ILMN_1757350	CTNNB1
ILMN_1651617	CTNNB1
ILMN_1682490	MRM1
ILMN_1757255	CDKN2A
ILMN_1775045	ADIPOQ
ILMN_1727762	CASP1
ILMN_1809256	SLC2A1
ILMN_1672325	PYDC2
ILMN_1780047	PLEKHG5
ILMN_1701967	SHC1
ILMN_1812570	SHC1
ILMN_1759023	WFS1
ILMN_1807397	ubiquinone oxidoreductase subunit B5
ILMN_1665335	DIABLO
ILMN_1689781	DIABLO
ILMN_1673708	HDAC9
ILMN_1753347	DEFA4
ILMN_1743397	PIGW
ILMN_1859802	LRRFIP1
ILMN_1671885	MLF2
ILMN_1849699	LBX1-AS1
ILMN_1669703	TNK2
ILMN_1772979	TNK2
ILMN_1728662	ALDH3B1
ILMN_1773865	HSPA5
ILMN_1666314	RET
ILMN_1796316	MMP9
ILMN_1767129	ABCC8
ILMN_1654560	TLR6
ILMN_1749287	TLR6
ILMN_1850102	HNF4A
ILMN_1784323	IL24
ILMN_1774685	IL24
ILMN_1735765	RAB14
ILMN_1697694	ATP6AP1
ILMN_1740015	CD14
ILMN_1896062	HNF4A-AS1
ILMN_1767423	NOVA2
ILMN_1745282	MOK
ILMN_1694778	KRT18
ILMN_1803408	KRT18
ILMN_1698952	TNFRSF11A
ILMN_1772686	FGD3
ILMN_1670576	IRF5
ILMN_1692223	LCN2
ILMN_1742521	GRB2
ILMN_1668778	PRKAA2
ILMN_1676984	DDIT3
ILMN_1736237	DLAT
ILMN_1727142	IKBKB
ILMN_1686920	CCDC58
ILMN_1739886	HNF4A
ILMN_1770466	ATP5G3
ILMN_1798975	EGFR
ILMN_1654497	ATAD1
ILMN_1656413	ZMPSTE24
ILMN_1666924	PINK1
ILMN_1727055	PARPBP
ILMN_1654429	PARPBP
ILMN_1755535	EGFR
ILMN_1778059	CASP4
ILMN_1813746	CORO2A
ILMN_1745703	CORO2A
ILMN_1772387	TLR2
ILMN_1804461	MYH14
ILMN_1706502	EIF2AK2
ILMN_1759232	IRS1
ILMN_1778488	WDR41
ILMN_1731048	TLR1
ILMN_1727965	ALDH3B1
ILMN_1804738	MEFV
ILMN_1871391	ENPP1
ILMN_1685521	KLRF1
ILMN_1766054	ABCA1
ILMN_1794223	COX7B
ILMN_1738675	PTPN6
ILMN_1740938	APOE
ILMN_1674167	IL10
ILMN_1793578	ZFP37
ILMN_1720838	DECR1
ILMN_1762712	HHEX
ILMN_1660787	SUCLA2
ILMN_1768953	SDC1
ILMN_1815308	SDC1
ILMN_1778755	TRIL
ILMN_1802706	IDH3G
ILMN_1786423	LOC400927
ILMN_1755992	UCP3
ILMN_1733554	UCP3
ILMN_1815530	GCKR
ILMN_1887731	CDKN2B-AS1
ILMN_1687612	PPARG
ILMN_1775672	SOD2
ILMN_1764850	HPCAL1
ILMN_1755501	HPCAL1
ILMN_1766487	LRRC25
ILMN_1751072	SRPRB
ILMN_1814327	AGTR1
ILMN_1746012	MBD6
ILMN_1666192	DCTN5
ILMN_1671532	LBX1
ILMN_1785786	CTNNB1
ILMN_1723494	SIRT2
ILMN_1717714	CDKN2A
ILMN_1673175	TNFSF11
ILMN_1695900	TNFSF11
ILMN_1684802	TAF5
ILMN_1746368	SELT
ILMN_1723198	CDKN2B
ILMN_1670111	CDKN2B
ILMN_1765621	HDGF
ILMN_1659601	CCL26
ILMN_1671791	PCK2
ILMN_1770768	SLAMF1
ILMN_1737394	LMNA
ILMN_1696749	LMNA
ILMN_1665510	ERRFI1
ILMN_1844038	ZRANB2-AS2
ILMN_1747397	SLC7A8
ILMN_1807894	SLC7A8
ILMN_1763809	IRS2
ILMN_1702443	DNMBP
ILMN_1740493	TRAF5
ILMN_1699447	TRAF5
ILMN_1758337	ZNF213
ILMN_1784863	CD36
ILMN_1780057	RENBP
ILMN_1789011	SYNGR2
ILMN_1735304	SDC1
ILMN_1699829	CTGF
ILMN_1682762	IDH3G
ILMN_1799614	PNPLA6
ILMN_1812747	MAPK3
ILMN_1656079	KCNQ1
ILMN_1697448	TXNIP
ILMN_1774869	SLC30A8
ILMN_1685625	UCP2
ILMN_1695480	KCNQ1
ILMN_1806150	KCNQ1
ILMN_1670918	INSR
ILMN_1667018	ACE2
ILMN_1724643	CD3D
ILMN_1661266	HLA-DQB1
ILMN_1714861	CD68
ILMN_1681374	ALDOA
ILMN_1757454	A2ML1
ILMN_1830713	CFTR
ILMN_1742689	TRPC4AP
ILMN_1749147	NPHS1
ILMN_1654376	CARD8
ILMN_1763641	ZNF614
ILMN_1652357	PDHX
ILMN_1721022	SHC1
ILMN_1704063	KCNH3
ILMN_1729515	PIN4
ILMN_1672486	TCF7L2
ILMN_1803030	NOS1
ILMN_1741970	JUP
ILMN_1733811	JUP
ILMN_1744295	CDKN2A
ILMN_1722158	CASP5
ILMN_1804922	IGF2
ILMN_1656300	GFRA2
ILMN_1888637	NOS1
ILMN_1751963	ZCWPW1
ILMN_1709800	POMZP3
ILMN_1741801	CDC7
ILMN_1662383	ZRANB2
ILMN_1711566	TIMP1
ILMN_1681526	SLC5A1
ILMN_1706216	SOCS4
ILMN_1753795	SOCS4
ILMN_1677104	TRAF5
ILMN_1716583	NME7
ILMN_1726679	KCNJ11
ILMN_1793101	PAX4
ILMN_1655570	GOLPH3L
ILMN_1718822	STYXL1
ILMN_1712522	CEACAM6
ILMN_1842181	NCK1-AS1
ILMN_1812297	CYP26B1
ILMN_1699100	SOAT1
ILMN_1703015	ZRANB2
ILMN_1748797	GRB2
ILMN_1709613	IGF1
ILMN_1741976	SMARCAD1
ILMN_1768363	BAP1
ILMN_1672768	UCP1
ILMN_1768049	FOXP3
ILMN_1804169	SHARPIN
ILMN_1651611	LDLR
ILMN_1784292	ANKMY2
ILMN_1664779	FBXO18
ILMN_1741264	MRPS33
ILMN_1791236	AIRE
ILMN_1702447	IGF2BP2
ILMN_1698546	HNF4A
ILMN_1786903	CTNNB1
ILMN_1670079	OMA1
ILMN_1807719	CTNS
ILMN_1659988	CTNS
ILMN_1769789	MLIP
ILMN_1700353	TRAF6
ILMN_1783910	TRAF6
ILMN_1775999	ATAT1
ILMN_1760037	ATAT1
ILMN_1659346	PPARA
ILMN_1700488	PPARA
ILMN_1659077	CD40LG
ILMN_1795826	ATP6V0D1
ILMN_1657129	SKAP2
ILMN_1747204	HTRA2
ILMN_1796094	CD36
ILMN_1730848	KRT18
ILMN_1750062	PPARGC1A
ILMN_1763487	CTLA4
ILMN_1660063	POLE4
ILMN_1679901	PPARG
ILMN_1800225	PPARG
ILMN_1678454	CASP4
ILMN_1774585	CASP4
ILMN_1916675	LRRFIP1
ILMN_1720048	CCL2
ILMN_1883348	IRS1
ILMN_1749070	HLA-DPB1
ILMN_1730928	CDK5R1
ILMN_1664978	TJP2
ILMN_1763972	TJP2
ILMN_1720578	PRAF2
ILMN_1777325	STAT1
ILMN_1652040	KCTD2
ILMN_1869718	PTEN
ILMN_1904242	CD9
ILMN_1654151	COX6C
ILMN_1661537	LEPROT
ILMN_1762095	TMTC4
ILMN_1746396	CTNNB1
ILMN_1695640	PTPN22
ILMN_1696521	EGFR
ILMN_1803814	LRRFIP1
ILMN_1806408	ACADVL
ILMN_1778337	HNF1B
ILMN_1663561	HNF1B
ILMN_1803810	RRBP1
ILMN_1810423	RPP40
ILMN_1695842	GOPC
ILMN_1702691	TNFAIP3
ILMN_1808436	CTNNB1
ILMN_1737170	FLII
ILMN_1772722	MRPS33
ILMN_1772329	LRRFIP2
ILMN_1749239	LRRFIP2
ILMN_1899865	IRS1
ILMN_1690105	STAT1
ILMN_1691364	STAT1
ILMN_1851495	ZRANB2-AS2
ILMN_1706217	TLR4
ILMN_1693675	ENPP4
ILMN_1715569	CCDC53
ILMN_1705813	CFTR
ILMN_1803882	VEGFA
ILMN_1693060	VEGFA
ILMN_1666966	INS
ILMN_1754738	AP1M1
ILMN_1726641	CTNNB1
ILMN_1810856	HDAC5
ILMN_1662824	MADCAM1
ILMN_1674522	HIGD1A
ILMN_1661799	HIGD1A
ILMN_1679527	IAPP
ILMN_1822333	CD28
ILMN_1754708	TNK2
ILMN_1766275	PIK3CD
ILMN_1762255	GSTM1
ILMN_1749362	CD28
ILMN_1676437	GCK
ILMN_1669425	NEUROD1
ILMN_1737050	NSUN4
ILMN_1805449	TAPBPL
ILMN_1718424	MRPS28
ILMN_1675797	EPDR1
ILMN_1715672	HPCAL1
ILMN_1684575	TNIP2
ILMN_1735996	NOX4
ILMN_1700888	ENPP1
ILMN_1811678	MTNR1B
ILMN_1672547	MYO9B
ILMN_1752476	ATAT1
ILMN_1775224	NOS3
ILMN_1683774	IL2RA
ILMN_1668850	PCSK9
ILMN_1662484	CLDN18
ILMN_1696284	CLDN18
ILMN_1662438	SOD1
ILMN_1738680	PLEKHG5
ILMN_1772814	NLK
ILMN_1738173	METTL4
ILMN_1793154	TRAF3
ILMN_1767973	MADCAM1
ILMN_1790797	VPS28
ILMN_1657529	CYP2B6
ILMN_1812953	PPARGC1B
ILMN_1738816	FOXO1
ILMN_1723927	ALDOA
ILMN_1741148	ALDOA
ILMN_1701248	TREM2
ILMN_1679858	CD9
ILMN_1720311	SLC25A46
ILMN_1677041	CHUK
ILMN_1784477	PLEKHG5
ILMN_1652300	ZNF507
ILMN_1748915	S100A12
ILMN_1813846	P2RX4
ILMN_1698752	NLRX1
ILMN_1803398	SRF
ILMN_1788239	AMDHD1
ILMN_1758213	GPAM
ILMN_1695851	PARVG
ILMN_1733348	MAP7D1
ILMN_1707156	LRRFIP2
ILMN_1739083	SIRT1
ILMN_1716578	PTPN6
ILMN_1706817	SERP1
ILMN_1778367	NCK1
ILMN_1806056	CEACAM8
ILMN_1821397	NCK1
ILMN_1678551	UCP3
ILMN_1672743	ZNF334
ILMN_1726470	OTUD5
ILMN_1781373	IFIH1
ILMN_1754375	CDK5
ILMN_1801101	ZBTB48
ILMN_1758831	RNF31
ILMN_1660727	ENPP5
ILMN_1665132	CD36
ILMN_1771697	VRK3
ILMN_1805535	VRK3
ILMN_1662944	PON1
ILMN_1776778	PARP15
ILMN_1739792	RHOG
ILMN_1770378	ANAPC10
ILMN_1706775	GCK
ILMN_1716272	KBTBD8
ILMN_1695093	SLC7A8
ILMN_1724984	EIF2AK3
ILMN_1701025	EPHX1
ILMN_1681890	DYNLT3
ILMN_1674817	C1orf115
ILMN_1762678	NMT1
ILMN_1668134	GSTM1
ILMN_1740386	YIF1B
ILMN_1658003	YIF1B
ILMN_1665428	GSDMD
ILMN_1686871	PARP1
ILMN_1729430	FBXO18
ILMN_1675424	SIRPB1
